{"cameraMode":{"drawMode":0,"name":"Shaded","section":"Shading Mode"},"sceneLighting":true,"audioPlay":false,"sceneViewState":{"showFog":true,"showMaterialUpdate":true,"showSkybox":true,"showFlares":true,"showImageEffects":true,"showParticleSystems":true},"in2DMode":false,"pivot":{"x":28.840776443481447,"y":7.959501266479492,"z":24.914426803588868},"rotation":{"x":0.13318279385566712,"y":-0.7755435705184937,"z":0.17450490593910218,"w":0.59189772605896},"size":15.577497482299805,"orthographic":false}