{"cameraMode":{"drawMode":0,"name":"Shaded","section":"Shading Mode"},"sceneLighting":false,"audioPlay":false,"sceneViewState":{"showFog":true,"showMaterialUpdate":true,"showSkybox":false,"showFlares":true,"showImageEffects":true,"showParticleSystems":true},"in2DMode":false,"pivot":{"x":1.7881393432617188e-7,"y":0.602376401424408,"z":0.030411362648010255},"rotation":{"x":0.1624598354101181,"y":-0.6881909966468811,"z":0.1624598652124405,"w":0.6881909966468811},"size":1.384943962097168,"orthographic":true}